Tipo_Estacao,Data_Inicial,Data_Final,Data_Medicao,Periodicidade_Medicao,Local_Nome_Estacao,Situacao,Codigo_Estacao,Latitude,Longitude,Altitude,Direcao_Vento_Predominante_Mensal_graus,Evaporacao_Piche_Mensal_mm,Evapotranspiracao_Potencial_BH_Mensal_mm,Evapotranspiracao_Real_BH_Mensal_mm,Insolacao_Total_Mensal_horas,Nebulosidade_Media_Mensal_decimos,Numero_de_dias_com_precip_pluv_mensal,Numero_de_dias_com_precip_pluv_mensal_auto_em_numero,Precipitacao_total_mensal_auto_em_mm,Precipitacao_total_mensal_mm,Pressao_atmosferica_media_mensal_auto_em_mB,Pressao_atmosferica_media_mensal_mB,Pressao_atmosferica_nivel_mar_media_mensal_mB,Temperatura_maxima_media_mensal_Celsius,Temperatura_media_compensada_mensal_Celsius,Temperatura_media_mensal_auto_Celsius,Temperatura_minima_media_mensal_Celsius,Umidade_relativa_ar_media_mensal_percentual,VENTO_velocidade_MAXIMA_mensal_auto_em_metros_seg,VENTO_velocidade_MAXIMA_mensal_metros_seg,VENTO_velocidade_MEDIA_mensal_auto_em_metros_seg,VENTO_velocidade_MEDIA_mensal_metros_seg,Visibilidade_media_mensal_codigo
automatica,01/01/2012,31/10/2024,31/01/2012,Mensal,BRASILIA,Operante,A001,-1578944444.0,-4792583332.0,1160.96,,,,,,,,25.0,248.8,,885.6,,,,,20.3,,,7.3,,2.3,,
automatica,01/01/2012,31/10/2024,29/02/2012,Mensal,BRASILIA,Operante,A002,-1578944444.0,-4792583332.0,1160.96,,,,,,,,14.0,104.8,,885.9,,,,,21.3,,,6.1,,2.3,,
automatica,01/01/2012,31/10/2024,31/03/2012,Mensal,BRASILIA,Operante,A003,-1578944444.0,-4792583332.0,1160.96,,,,,,,,17.0,182.6,,886.4,,,,,21.7,,,5.5,,2.1,,
automatica,01/01/2012,31/10/2024,30/04/2012,Mensal,BRASILIA,Operante,A004,-1578944444.0,-4792583332.0,1160.96,,,,,,,,10.0,110.0,,886.4,,,,,22.1,,,5.6,,2.1,,
automatica,01/01/2012,31/10/2024,31/05/2012,Mensal,BRASILIA,Operante,A005,-1578944444.0,-4792583332.0,1160.96,,,,,,,,9.0,40.2,,888.3,,,,,19.4,,,5.9,,2.5,,
automatica,01/01/2012,31/10/2024,30/06/2012,Mensal,BRASILIA,Operante,A006,-1578944444.0,-4792583332.0,1160.96,,,,,,,,2.0,2.4,,889.1,,,,,20.2,,,5.5,,2.3,,
automatica,01/01/2012,31/10/2024,31/07/2012,Mensal,BRASILIA,Operante,A007,-1578944444.0,-4792583332.0,1160.96,,,,,,,,1.0,0.2,,889.2,,,,,19.7,,,7.4,,2.5,,
automatica,01/01/2012,31/10/2024,31/08/2012,Mensal,BRASILIA,Operante,A008,-1578944444.0,-4792583332.0,1160.96,,,,,,,,,0.0,,890.4,,,,,19.7,,,7.0,,3.5,,
automatica,01/01/2012,31/10/2024,30/09/2012,Mensal,BRASILIA,Operante,A009,-1578944444.0,-4792583332.0,1160.96,,,,,,,,3.0,30.8,,888.5,,,,,23.5,,,5.9,,2.7,,
automatica,01/01/2012,31/10/2024,31/10/2012,Mensal,BRASILIA,Operante,A010,-1578944444.0,-4792583332.0,1160.96,,,,,,,,9.0,98.8,,885.8,,,,,23.7,,,6.3,,2.6,,
automatica,01/01/2012,31/10/2024,30/11/2012,Mensal,BRASILIA,Operante,A011,-1578944444.0,-4792583332.0,1160.96,,,,,,,,22.0,356.2,,884.4,,,,,21.3,,,6.6,,2.3,,
automatica,01/01/2012,31/10/2024,31/12/2012,Mensal,BRASILIA,Operante,A012,-1578944444.0,-4792583332.0,1160.96,,,,,,,,20.0,132.8,,885.1,,,,,22.5,,,6.1,,2.1,,
automatica,01/01/2012,31/10/2024,31/01/2013,Mensal,BRASILIA,Operante,A013,-1578944444.0,-4792583332.0,1160.96,,,,,,,,24.0,440.4,,885.6,,,,,21.1,,,10.4,,2.3,,
automatica,01/01/2012,31/10/2024,28/02/2013,Mensal,BRASILIA,Operante,A014,-1578944444.0,-4792583332.0,1160.96,,,,,,,,9.0,168.6,,885.8,,,,,22.7,,,5.5,,2.2,,
automatica,01/01/2012,31/10/2024,31/03/2013,Mensal,BRASILIA,Operante,A015,-1578944444.0,-4792583332.0,1160.96,,,,,,,,16.0,169.0,,886.2,,,,,22.2,,,5.6,,2.2,,
automatica,01/01/2012,31/10/2024,30/04/2013,Mensal,BRASILIA,Operante,A016,-1578944444.0,-4792583332.0,1160.96,,,,,,,,15.0,89.2,,887.2,,,,,20.8,,,6.3,,2.1,,
automatica,01/01/2012,31/10/2024,31/05/2013,Mensal,BRASILIA,Operante,A017,-1578944444.0,-4792583332.0,1160.96,,,,,,,,3.0,20.8,,888.0,,,,,20.6,,,5.3,,2.3,,
automatica,01/01/2012,31/10/2024,30/06/2013,Mensal,BRASILIA,Operante,A018,-1578944444.0,-4792583332.0,1160.96,,,,,,,,2.0,6.0,,888.9,,,,,20.0,,,6.1,,2.3,,
automatica,01/01/2012,31/10/2024,31/07/2013,Mensal,BRASILIA,Operante,A019,-1578944444.0,-4792583332.0,1160.96,,,,,,,,0.0,0.0,,889.6,,,,,19.6,,,6.0,,2.5,,
automatica,01/01/2012,31/10/2024,31/08/2013,Mensal,BRASILIA,Operante,A020,-1578944444.0,-4792583332.0,1160.96,,,,,,,,0.0,0.0,,888.7,,,,,21.0,,,5.9,,2.8,,
automatica,01/01/2012,31/10/2024,30/09/2013,Mensal,BRASILIA,Operante,A021,-1578944444.0,-4792583332.0,1160.96,,,,,,,,5.0,58.6,,887.7,,,,,22.4,,,6.7,,3.0,,
automatica,01/01/2012,31/10/2024,31/10/2013,Mensal,BRASILIA,Operante,A022,-1578944444.0,-4792583332.0,1160.96,,,,,,,,15.0,84.4,,886.6,,,,,21.9,,,5.8,,2.5,,
automatica,01/01/2012,31/10/2024,30/11/2013,Mensal,BRASILIA,Operante,A023,-1578944444.0,-4792583332.0,1160.96,,,,,,,,19.0,236.6,,884.8,,,,,21.7,,,6.0,,2.3,,
automatica,01/01/2012,31/10/2024,31/12/2013,Mensal,BRASILIA,Operante,A024,-1578944444.0,-4792583332.0,1160.96,,,,,,,,28.0,321.4,,884.2,,,,,21.2,,,7.3,,2.4,,
automatica,01/01/2012,31/10/2024,31/01/2014,Mensal,BRASILIA,Operante,A025,-1578944444.0,-4792583332.0,1160.96,,,,,,,,10.0,135.8,,886.8,,,,,22.1,,,6.7,,2.4,,
automatica,01/01/2012,31/10/2024,28/02/2014,Mensal,BRASILIA,Operante,A026,-1578944444.0,-4792583332.0,1160.96,,,,,,,,12.0,124.6,,885.9,,,,,21.8,,,5.7,,2.4,,
automatica,01/01/2012,31/10/2024,31/03/2014,Mensal,BRASILIA,Operante,A027,-1578944444.0,-4792583332.0,1160.96,,,,,,,,23.0,303.6,,886.5,,,,,21.2,,,8.4,,2.1,,
automatica,01/01/2012,31/10/2024,30/04/2014,Mensal,BRASILIA,Operante,A028,-1578944444.0,-4792583332.0,1160.96,,,,,,,,16.0,218.0,,887.0,,,,,21.4,,,5.8,,2.0,,
automatica,01/01/2012,31/10/2024,31/05/2014,Mensal,BRASILIA,Operante,A029,-1578944444.0,-4792583332.0,1160.96,,,,,,,,1.0,2.4,,887.8,,,,,20.3,,,5.3,,2.0,,
automatica,01/01/2012,31/10/2024,30/06/2014,Mensal,BRASILIA,Operante,A030,-1578944444.0,-4792583332.0,1160.96,,,,,,,,2.0,7.6,,889.1,,,,,19.4,,,5.2,,1.8,,
automatica,01/01/2012,31/10/2024,31/07/2014,Mensal,BRASILIA,Operante,A031,-1578944444.0,-4792583332.0,1160.96,,,,,,,,2.0,7.0,,890.8,,,,,19.0,,,4.9,,2.0,,
automatica,01/01/2012,31/10/2024,31/08/2014,Mensal,BRASILIA,Operante,A032,-1578944444.0,-4792583332.0,1160.96,,,,,,,,0.0,0.0,,889.4,,,,,21.2,,,6.4,,2.2,,
automatica,01/01/2012,31/10/2024,30/09/2014,Mensal,BRASILIA,Operante,A033,-1578944444.0,-4792583332.0,1160.96,,,,,,,,1.0,14.4,,887.6,,,,,23.8,,,6.4,,2.7,,
automatica,01/01/2012,31/10/2024,31/10/2014,Mensal,BRASILIA,Operante,A034,-1578944444.0,-4792583332.0,1160.96,,,,,,,,11.0,160.0,,886.9,,,,,23.4,,,7.1,,2.6,,
automatica,01/01/2012,31/10/2024,30/11/2014,Mensal,BRASILIA,Operante,A035,-1578944444.0,-4792583332.0,1160.96,,,,,,,,24.0,172.8,,885.4,,,,,21.8,,,5.9,,2.1,,
automatica,01/01/2012,31/10/2024,31/12/2014,Mensal,BRASILIA,Operante,A036,-1578944444.0,-4792583332.0,1160.96,,,,,,,,25.0,328.6,,886.0,,,,,21.1,,,6.3,,2.4,,
automatica,01/01/2012,31/10/2024,31/01/2015,Mensal,BRASILIA,Operante,A037,-1578944444.0,-4792583332.0,1160.96,,,,,,,,9.0,81.2,,887.0,,,,,23.0,,,7.2,,2.1,,
automatica,01/01/2012,31/10/2024,28/02/2015,Mensal,BRASILIA,Operante,A038,-1578944444.0,-4792583332.0,1160.96,,,,,,,,14.0,115.4,,886.6,,,,,21.8,,,7.2,,2.5,,
automatica,01/01/2012,31/10/2024,31/03/2015,Mensal,BRASILIA,Operante,A039,-1578944444.0,-4792583332.0,1160.96,,,,,,,,24.0,280.6,,886.6,,,,,20.8,,,5.5,,1.8,,
automatica,01/01/2012,31/10/2024,30/04/2015,Mensal,BRASILIA,Operante,A040,-1578944444.0,-4792583332.0,1160.96,,,,,,,,24.0,192.0,,887.0,,,,,21.5,,,4.8,,1.8,,
automatica,01/01/2012,31/10/2024,31/05/2015,Mensal,BRASILIA,Operante,A041,-1578944444.0,-4792583332.0,1160.96,,,,,,,,9.0,43.8,,888.6,,,,,19.8,,,4.9,,2.3,,
automatica,01/01/2012,31/10/2024,30/06/2015,Mensal,BRASILIA,Operante,A042,-1578944444.0,-4792583332.0,1160.96,,,,,,,,0.0,0.0,,890.3,,,,,19.2,,,6.7,,2.5,,
automatica,01/01/2012,31/10/2024,31/07/2015,Mensal,BRASILIA,Operante,A043,-1578944444.0,-4792583332.0,1160.96,,,,,,,,2.0,0.8,,889.8,,,,,20.0,,,5.6,,2.4,,
automatica,01/01/2012,31/10/2024,31/08/2015,Mensal,BRASILIA,Operante,A044,-1578944444.0,-4792583332.0,1160.96,,,,,,,,0.0,0.0,,889.1,,,,,21.3,,,6.4,,2.8,,
automatica,01/01/2012,31/10/2024,30/09/2015,Mensal,BRASILIA,Operante,A045,-1578944444.0,-4792583332.0,1160.96,,,,,,,,7.0,19.0,,887.0,,,,,24.4,,,6.5,,2.3,,
automatica,01/01/2012,31/10/2024,31/10/2015,Mensal,BRASILIA,Operante,A046,-1578944444.0,-4792583332.0,1160.96,,,,,,,,7.0,43.0,,886.6,,,,,25.5,,,6.5,,2.4,,
automatica,01/01/2012,31/10/2024,30/11/2015,Mensal,BRASILIA,Operante,A047,-1578944444.0,-4792583332.0,1160.96,,,,,,,,18.0,143.6,,885.3,,,,,23.5,,,8.5,,2.2,,
automatica,01/01/2012,31/10/2024,31/12/2015,Mensal,BRASILIA,Operante,A048,-1578944444.0,-4792583332.0,1160.96,,,,,,,,21.0,153.2,,886.9,,,,,23.0,,,5.8,,2.1,,
automatica,01/01/2012,31/10/2024,31/01/2016,Mensal,BRASILIA,Operante,A049,-1578944444.0,-4792583332.0,1160.96,,,,,,,,27.0,345.0,,885.4,,,,,21.3,,,5.6,,2.5,,
automatica,01/01/2012,31/10/2024,29/02/2016,Mensal,BRASILIA,Operante,A050,-1578944444.0,-4792583332.0,1160.96,,,,,,,,10.0,75.2,,887.4,,,,,23.1,,,6.7,,2.1,,
automatica,01/01/2012,31/10/2024,31/03/2016,Mensal,BRASILIA,Operante,A051,-1578944444.0,-4792583332.0,1160.96,,,,,,,,16.0,130.2,,888.0,,,,,22.6,,,5.1,,2.2,,
automatica,01/01/2012,31/10/2024,30/04/2016,Mensal,BRASILIA,Operante,A052,-1578944444.0,-4792583332.0,1160.96,,,,,,,,2.0,9.8,,887.7,,,,,22.9,,,6.1,,2.3,,
automatica,01/01/2012,31/10/2024,31/05/2016,Mensal,BRASILIA,Operante,A053,-1578944444.0,-4792583332.0,1160.96,,,,,,,,3.0,3.2,,889.4,,,,,21.7,,,5.0,,2.1,,
automatica,01/01/2012,31/10/2024,30/06/2016,Mensal,BRASILIA,Operante,A054,-1578944444.0,-4792583332.0,1160.96,,,,,,,,0.0,0.0,,890.5,,,,,20.1,,,6.2,,2.4,,
automatica,01/01/2012,31/10/2024,31/07/2016,Mensal,BRASILIA,Operante,A055,-1578944444.0,-4792583332.0,1160.96,,,,,,,,0.0,0.0,,890.0,,,,,20.6,,,6.2,,2.4,,
automatica,01/01/2012,31/10/2024,31/08/2016,Mensal,BRASILIA,Operante,A056,-1578944444.0,-4792583332.0,1160.96,,,,,,,,4.0,17.4,,889.1,,,,,21.7,,,6.5,,2.4,,
automatica,01/01/2012,31/10/2024,30/09/2016,Mensal,BRASILIA,Operante,A057,-1578944444.0,-4792583332.0,1160.96,,,,,,,,4.0,52.8,,888.1,,,,,23.8,,,6.2,,2.6,,
automatica,01/01/2012,31/10/2024,31/10/2016,Mensal,BRASILIA,Operante,A058,-1578944444.0,-4792583332.0,1160.96,,,,,,,,12.0,87.6,,886.2,,,,,23.2,,,7.6,,2.4,,
automatica,01/01/2012,31/10/2024,30/11/2016,Mensal,BRASILIA,Operante,A059,-1578944444.0,-4792583332.0,1160.96,,,,,,,,20.0,248.4,,885.6,,,,,21.6,,,5.9,,2.4,,
automatica,01/01/2012,31/10/2024,31/12/2016,Mensal,BRASILIA,Operante,A060,-1578944444.0,-4792583332.0,1160.96,,,,,,,,16.0,171.2,,886.1,,,,,22.0,,,7.7,,2.5,,
automatica,01/01/2012,31/10/2024,31/01/2017,Mensal,BRASILIA,Operante,A061,-1578944444.0,-4792583332.0,1160.96,,,,,,,,15.0,143.8,,886.5,,,,,22.3,,,7.3,,1.9,,
automatica,01/01/2012,31/10/2024,28/02/2017,Mensal,BRASILIA,Operante,A062,-1578944444.0,-4792583332.0,1160.96,,,,,,,,19.0,242.6,,886.4,,,,,21.3,,,6.3,,2.2,,
automatica,01/01/2012,31/10/2024,31/03/2017,Mensal,BRASILIA,Operante,A063,-1578944444.0,-4792583332.0,1160.96,,,,,,,,16.0,178.0,,886.6,,,,,22.1,,,7.3,,1.8,,
automatica,01/01/2012,31/10/2024,30/04/2017,Mensal,BRASILIA,Operante,A064,-1578944444.0,-4792583332.0,1160.96,,,,,,,,7.0,25.4,,887.4,,,,,22.4,,,5.2,,2.2,,
automatica,01/01/2012,31/10/2024,31/05/2017,Mensal,BRASILIA,Operante,A065,-1578944444.0,-4792583332.0,1160.96,,,,,,,,10.0,64.2,,888.4,,,,,20.9,,,5.8,,2.1,,
automatica,01/01/2012,31/10/2024,30/06/2017,Mensal,BRASILIA,Operante,A066,-1578944444.0,-4792583332.0,1160.96,,,,,,,,0.0,0.0,,889.8,,,,,19.7,,,6.1,,2.5,,
automatica,01/01/2012,31/10/2024,31/07/2017,Mensal,BRASILIA,Operante,A067,-1578944444.0,-4792583332.0,1160.96,,,,,,,,0.0,0.0,,892.2,,,,,17.6,,,7.7,,3.3,,
automatica,01/01/2012,31/10/2024,31/08/2017,Mensal,BRASILIA,Operante,A068,-1578944444.0,-4792583332.0,1160.96,,,,,,,,0.0,0.0,,888.8,,,,,21.8,,,6.7,,2.4,,
automatica,01/01/2012,31/10/2024,30/09/2017,Mensal,BRASILIA,Operante,A069,-1578944444.0,-4792583332.0,1160.96,,,,,,,,1.0,10.0,,889.5,,,,,21.9,,,6.8,,3.2,,
automatica,01/01/2012,31/10/2024,31/10/2017,Mensal,BRASILIA,Operante,A070,-1578944444.0,-4792583332.0,1160.96,,,,,,,,7.0,36.0,,886.3,,,,,24.6,,,6.2,,2.7,,
automatica,01/01/2012,31/10/2024,30/11/2017,Mensal,BRASILIA,Operante,A071,-1578944444.0,-4792583332.0,1160.96,,,,,,,,20.0,328.8,,885.1,,,,,21.5,,,9.1,,2.3,,
automatica,01/01/2012,31/10/2024,31/12/2017,Mensal,BRASILIA,Operante,A072,-1578944444.0,-4792583332.0,1160.96,,,,,,,,22.0,263.0,,885.3,,,,,21.4,,,5.9,,2.1,,
automatica,01/01/2012,31/10/2024,31/01/2018,Mensal,BRASILIA,Operante,A073,-1578944444.0,-4792583332.0,1160.96,,,,,,,,15.0,149.4,,886.3,,,,,21.9,,,5.9,,2.2,,
automatica,01/01/2012,31/10/2024,28/02/2018,Mensal,BRASILIA,Operante,A074,-1578944444.0,-4792583332.0,1160.96,,,,,,,,19.0,265.0,,885.6,,,,,21.5,,,7.1,,2.3,,
automatica,01/01/2012,31/10/2024,31/03/2018,Mensal,BRASILIA,Operante,A075,-1578944444.0,-4792583332.0,1160.96,,,,,,,,19.0,226.6,,886.2,,,,,22.0,,,5.5,,2.0,,
automatica,01/01/2012,31/10/2024,30/04/2018,Mensal,BRASILIA,Operante,A076,-1578944444.0,-4792583332.0,1160.96,,,,,,,,15.0,216.8,,888.1,,,,,20.5,,,6.1,,2.4,,
automatica,01/01/2012,31/10/2024,31/05/2018,Mensal,BRASILIA,Operante,A077,-1578944444.0,-4792583332.0,1160.96,,,,,,,,2.0,9.6,,889.2,,,,,19.7,,,5.4,,2.3,,
automatica,01/01/2012,31/10/2024,30/06/2018,Mensal,BRASILIA,Operante,A078,-1578944444.0,-4792583332.0,1160.96,,,,,,,,0.0,0.0,,890.3,,,,,19.4,,,5.6,,2.1,,
automatica,01/01/2012,31/10/2024,31/07/2018,Mensal,BRASILIA,Operante,A079,-1578944444.0,-4792583332.0,1160.96,,,,,,,,0.0,0.0,,890.1,,,,,19.3,,,5.7,,2.3,,
automatica,01/01/2012,31/10/2024,31/08/2018,Mensal,BRASILIA,Operante,A080,-1578944444.0,-4792583332.0,1160.96,,,,,,,,5.0,23.0,,889.5,,,,,21.6,,,6.3,,2.3,,
automatica,01/01/2012,31/10/2024,30/09/2018,Mensal,BRASILIA,Operante,A081,-1578944444.0,-4792583332.0,1160.96,,,,,,,,5.0,39.6,,886.8,,,,,23.3,,,4.7,,2.2,,
automatica,01/01/2012,31/10/2024,31/10/2018,Mensal,BRASILIA,Operante,A082,-1578944444.0,-4792583332.0,1160.96,,,,,,,,13.0,263.6,,886.1,,,,,23.1,,,6.3,,2.0,,
automatica,01/01/2012,31/10/2024,30/11/2018,Mensal,BRASILIA,Operante,A083,-1578944444.0,-4792583332.0,1160.96,,,,,,,,24.0,308.6,,885.8,,,,,20.9,,,5.0,,2.1,,
automatica,01/01/2012,31/10/2024,31/12/2018,Mensal,BRASILIA,Operante,A084,-1578944444.0,-4792583332.0,1160.96,,,,,,,,14.0,166.4,,886.8,,,,,21.7,,,5.5,,2.2,,
automatica,01/01/2012,31/10/2024,31/01/2019,Mensal,BRASILIA,Operante,A085,-1578944444.0,-4792583332.0,1160.96,,,,,,,,7.0,77.6,,887.9,,,,,22.9,,,6.6,,2.2,,
automatica,01/01/2012,31/10/2024,28/02/2019,Mensal,BRASILIA,Operante,A086,-1578944444.0,-4792583332.0,1160.96,,,,,,,,17.0,149.0,,886.6,,,,,22.3,,,7.1,,2.0,,
automatica,01/01/2012,31/10/2024,31/03/2019,Mensal,BRASILIA,Operante,A087,-1578944444.0,-4792583332.0,1160.96,,,,,,,,22.0,267.6,,887.3,,,,,21.7,,,5.7,,2.0,,
automatica,01/01/2012,31/10/2024,30/04/2019,Mensal,BRASILIA,Operante,A088,-1578944444.0,-4792583332.0,1160.96,,,,,,,,19.0,319.4,,887.4,,,,,21.6,,,5.3,,1.6,,
automatica,01/01/2012,31/10/2024,31/05/2019,Mensal,BRASILIA,Operante,A089,-1578944444.0,-4792583332.0,1160.96,,,,,,,,4.0,68.4,,888.1,,,,,21.2,,,4.6,,1.9,,
automatica,01/01/2012,31/10/2024,30/06/2019,Mensal,BRASILIA,Operante,A090,-1578944444.0,-4792583332.0,1160.96,,,,,,,,1.0,8.0,,890.6,,,,,19.4,,,6.0,,2.4,,
automatica,01/01/2012,31/10/2024,31/07/2019,Mensal,BRASILIA,Operante,A091,-1578944444.0,-4792583332.0,1160.96,,,,,,,,0.0,0.0,,890.2,,,,,18.9,,,6.2,,2.5,,
automatica,01/01/2012,31/10/2024,31/08/2019,Mensal,BRASILIA,Operante,A092,-1578944444.0,-4792583332.0,1160.96,,,,,,,,0.0,0.0,,890.8,,,,,21.4,,,6.6,,2.7,,
automatica,01/01/2012,31/10/2024,30/09/2019,Mensal,BRASILIA,Operante,A093,-1578944444.0,-4792583332.0,1160.96,,,,,,,,3.0,10.2,,888.1,,,,,24.5,,,6.4,,2.7,,
automatica,01/01/2012,31/10/2024,31/10/2019,Mensal,BRASILIA,Operante,A094,-1578944444.0,-4792583332.0,1160.96,,,,,,,,12.0,22.8,,886.3,,,,,24.4,,,5.5,,2.3,,
automatica,01/01/2012,31/10/2024,30/11/2019,Mensal,BRASILIA,Operante,A095,-1578944444.0,-4792583332.0,1160.96,,,,,,,,18.0,208.0,,885.2,,,,,22.8,,,7.3,,2.0,,
automatica,01/01/2012,31/10/2024,31/12/2019,Mensal,BRASILIA,Operante,A096,-1578944444.0,-4792583332.0,1160.96,,,,,,,,17.0,263.0,,885.9,,,,,22.4,,,4.9,,2.1,,
automatica,01/01/2012,31/10/2024,31/01/2020,Mensal,BRASILIA,Operante,A097,-1578944444.0,-4792583332.0,1160.96,,,,,,,,20.0,319.4,,885.8,,,,,22.2,,,6.2,,2.4,,
automatica,01/01/2012,31/10/2024,29/02/2020,Mensal,BRASILIA,Operante,A098,-1578944444.0,-4792583332.0,1160.96,,,,,,,,21.0,189.0,,886.9,,,,,21.8,,,6.8,,1.9,,
automatica,01/01/2012,31/10/2024,31/03/2020,Mensal,BRASILIA,Operante,A099,-1578944444.0,-4792583332.0,1160.96,,,,,,,,17.0,288.0,,886.7,,,,,21.6,,,5.0,,2.1,,
automatica,01/01/2012,31/10/2024,30/04/2020,Mensal,BRASILIA,Operante,A100,-1578944444.0,-4792583332.0,1160.96,,,,,,,,14.0,179.8,,888.1,,,,,21.3,,,5.0,,2.0,,
automatica,01/01/2012,31/10/2024,31/05/2020,Mensal,BRASILIA,Operante,A101,-1578944444.0,-4792583332.0,1160.96,,,,,,,,4.0,29.2,,889.3,,,,,19.2,,,4.6,,1.9,,
automatica,01/01/2012,31/10/2024,30/06/2020,Mensal,BRASILIA,Operante,A102,-1578944444.0,-4792583332.0,1160.96,,,,,,,,0.0,0.0,,889.9,,,,,19.2,,,7.1,,2.3,,
automatica,01/01/2012,31/10/2024,31/07/2020,Mensal,BRASILIA,Operante,A103,-1578944444.0,-4792583332.0,1160.96,,,,,,,,0.0,0.0,,889.7,,,,,19.3,,,6.7,,2.5,,
automatica,01/01/2012,31/10/2024,31/08/2020,Mensal,BRASILIA,Operante,A104,-1578944444.0,-4792583332.0,1160.96,,,,,,,,0.0,0.0,,889.3,,,,,20.4,,,5.7,,2.8,,
automatica,01/01/2012,31/10/2024,30/09/2020,Mensal,BRASILIA,Operante,A105,-1578944444.0,-4792583332.0,1160.96,,,,,,,,2.0,29.8,,888.3,,,,,23.6,,,5.5,,2.5,,
automatica,01/01/2012,31/10/2024,31/10/2020,Mensal,BRASILIA,Operante,A106,-1578944444.0,-4792583332.0,1160.96,,,,,,,,12.0,165.6,,886.1,,,,,23.7,,,6.1,,2.3,,
automatica,01/01/2012,31/10/2024,30/11/2020,Mensal,BRASILIA,Operante,A107,-1578944444.0,-4792583332.0,1160.96,,,,,,,,19.0,229.6,,886.0,,,,,21.6,,,5.3,,2.2,,
automatica,01/01/2012,31/10/2024,31/12/2020,Mensal,BRASILIA,Operante,A108,-1578944444.0,-4792583332.0,1160.96,,,,,,,,16.0,154.6,,885.8,,,,,22.4,,,6.5,,2.0,,
automatica,01/01/2012,31/10/2024,31/01/2021,Mensal,BRASILIA,Operante,A109,-1578944444.0,-4792583332.0,1160.96,,,,,,,,13.0,261.6,,886.0,,,,,22.3,,,7.0,,2.0,,
automatica,01/01/2012,31/10/2024,28/02/2021,Mensal,BRASILIA,Operante,A110,-1578944444.0,-4792583332.0,1160.96,,,,,,,,24.0,536.2,,885.2,,,,,20.9,,,6.6,,2.0,,
automatica,01/01/2012,31/10/2024,31/03/2021,Mensal,BRASILIA,Operante,A111,-1578944444.0,-4792583332.0,1160.96,,,,,,,,9.0,164.0,,886.6,,,,,21.7,,,6.1,,2.0,,
automatica,01/01/2012,31/10/2024,30/04/2021,Mensal,BRASILIA,Operante,A112,-1578944444.0,-4792583332.0,1160.96,,,,,,,,12.0,121.8,,887.1,,,,,20.7,,,6.1,,2.0,,
automatica,01/01/2012,31/10/2024,31/05/2021,Mensal,BRASILIA,Operante,A113,-1578944444.0,-4792583332.0,1160.96,,,,,,,,1.0,4.0,,888.8,,,,,19.9,,,5.0,,1.8,,
automatica,01/01/2012,31/10/2024,30/06/2021,Mensal,BRASILIA,Operante,A114,-1578944444.0,-4792583332.0,1160.96,,,,,,,,1.0,29.6,,889.4,,,,,19.3,,,6.2,,2.0,,
automatica,01/01/2012,31/10/2024,31/07/2021,Mensal,BRASILIA,Operante,A115,-1578944444.0,-4792583332.0,1160.96,,,,,,,,0.0,0.0,,890.5,,,,,18.4,,,5.3,,2.1,,
automatica,01/01/2012,31/10/2024,31/08/2021,Mensal,BRASILIA,Operante,A116,-1578944444.0,-4792583332.0,1160.96,,,,,,,,1.0,2.8,,889.6,,,,,20.9,,,6.2,,2.6,,
automatica,01/01/2012,31/10/2024,30/09/2021,Mensal,BRASILIA,Operante,A117,-1578944444.0,-4792583332.0,1160.96,,,,,,,,3.0,12.6,,887.6,,,,,24.9,,,5.8,,2.2,,
automatica,01/01/2012,31/10/2024,31/10/2021,Mensal,BRASILIA,Operante,A118,-1578944444.0,-4792583332.0,1160.96,,,,,,,,12.0,148.2,,886.2,,,,,23.2,,,5.6,,2.2,,
automatica,01/01/2012,31/10/2024,30/11/2021,Mensal,BRASILIA,Operante,A119,-1578944444.0,-4792583332.0,1160.96,,,,,,,,22.0,349.8,,885.1,,,,,21.3,,,6.4,,2.1,,
automatica,01/01/2012,31/10/2024,31/12/2021,Mensal,BRASILIA,Operante,A120,-1578944444.0,-4792583332.0,1160.96,,,,,,,,25.0,387.4,,884.2,,,,,21.2,,,6.5,,2.1,,
automatica,01/01/2012,31/10/2024,31/01/2022,Mensal,BRASILIA,Operante,A121,-1578944444.0,-4792583332.0,1160.96,,,,,,,,16.0,138.0,,885.8,,,,,21.5,,,6.0,,2.5,,
automatica,01/01/2012,31/10/2024,28/02/2022,Mensal,BRASILIA,Operante,A122,-1578944444.0,-4792583332.0,1160.96,,,,,,,,21.0,236.6,,886.1,,,,,21.3,,,5.2,,2.1,,
automatica,01/01/2012,31/10/2024,31/03/2022,Mensal,BRASILIA,Operante,A123,-1578944444.0,-4792583332.0,1160.96,,,,,,,,11.0,121.6,,886.4,,,,,22.2,,,8.1,,2.0,,
automatica,01/01/2012,31/10/2024,30/04/2022,Mensal,BRASILIA,Operante,A124,-1578944444.0,-4792583332.0,1160.96,,,,,,,,3.0,23.4,,887.0,,,,,22.3,,,5.1,,2.1,,
automatica,01/01/2012,31/10/2024,31/05/2022,Mensal,BRASILIA,Operante,A125,-1578944444.0,-4792583332.0,1160.96,,,,,,,,1.0,14.6,,888.6,,,,,19.6,,,5.6,,2.1,,
automatica,01/01/2012,31/10/2024,30/06/2022,Mensal,BRASILIA,Operante,A126,-1578944444.0,-4792583332.0,1160.96,,,,,,,,0.0,0.0,,888.8,,,,,19.5,,,4.8,,2.0,,
automatica,01/01/2012,31/10/2024,31/07/2022,Mensal,BRASILIA,Operante,A127,-1578944444.0,-4792583332.0,1160.96,,,,,,,,0.0,0.0,,889.8,,,,,19.4,,,6.4,,2.4,,
automatica,01/01/2012,31/10/2024,31/08/2022,Mensal,BRASILIA,Operante,A128,-1578944444.0,-4792583332.0,1160.96,,,,,,,,0.0,0.0,,889.1,,,,,21.1,,,6.6,,2.5,,
automatica,01/01/2012,31/10/2024,30/09/2022,Mensal,BRASILIA,Operante,A129,-1578944444.0,-4792583332.0,1160.96,,,,,,,,4.0,40.4,,887.6,,,,,22.9,,,5.4,,2.4,,
automatica,01/01/2012,31/10/2024,31/10/2022,Mensal,BRASILIA,Operante,A130,-1578944444.0,-4792583332.0,1160.96,,,,,,,,6.0,21.4,,886.5,,,,,23.7,,,5.6,,2.4,,
automatica,01/01/2012,31/10/2024,30/11/2022,Mensal,BRASILIA,Operante,A131,-1578944444.0,-4792583332.0,1160.96,,,,,,,,21.0,442.4,,885.3,,,,,20.7,,,5.5,,2.1,,
automatica,01/01/2012,31/10/2024,31/12/2022,Mensal,BRASILIA,Operante,A132,-1578944444.0,-4792583332.0,1160.96,,,,,,,,22.0,322.6,,884.9,,,,,20.8,,,5.3,,2.2,,
automatica,01/01/2012,31/10/2024,31/01/2023,Mensal,BRASILIA,Operante,A133,-1578944444.0,-4792583332.0,1160.96,,,,,,,,23.0,191.4,,886.4,,,,,21.0,,,7.2,,2.1,,
automatica,01/01/2012,31/10/2024,28/02/2023,Mensal,BRASILIA,Operante,A134,-1578944444.0,-4792583332.0,1160.96,,,,,,,,10.0,55.0,,886.8,,,,,22.7,,,5.3,,1.9,,
automatica,01/01/2012,31/10/2024,31/03/2023,Mensal,BRASILIA,Operante,A135,-1578944444.0,-4792583332.0,1160.96,,,,,,,,16.0,135.2,,887.2,,,,,21.6,,,5.5,,1.8,,
automatica,01/01/2012,31/10/2024,30/04/2023,Mensal,BRASILIA,Operante,A136,-1578944444.0,-4792583332.0,1160.96,,,,,,,,14.0,160.6,,886.9,,,,,21.0,,,7.7,,2.0,,
automatica,01/01/2012,31/10/2024,31/05/2023,Mensal,BRASILIA,Operante,A137,-1578944444.0,-4792583332.0,1160.96,,,,,,,,2.0,28.4,,888.7,,,,,20.0,,,4.6,,1.8,,
automatica,01/01/2012,31/10/2024,30/06/2023,Mensal,BRASILIA,Operante,A138,-1578944444.0,-4792583332.0,1160.96,,,,,,,,3.0,2.2,,890.3,,,,,19.3,,,4.8,,2.0,,
automatica,01/01/2012,31/10/2024,31/07/2023,Mensal,BRASILIA,Operante,A139,-1578944444.0,-4792583332.0,1160.96,,,,,,,,0.0,0.0,,890.4,,,,,19.7,,,6.3,,2.1,,
automatica,01/01/2012,31/10/2024,31/08/2023,Mensal,BRASILIA,Operante,A140,-1578944444.0,-4792583332.0,1160.96,,,,,,,,4.0,21.0,,888.8,,,,,21.8,,,6.1,,2.2,,
automatica,01/01/2012,31/10/2024,30/09/2023,Mensal,BRASILIA,Operante,A141,-1578944444.0,-4792583332.0,1160.96,,,,,,,,4.0,46.6,,887.8,,,,,24.4,,,5.9,,2.2,,
automatica,01/01/2012,31/10/2024,31/10/2023,Mensal,BRASILIA,Operante,A142,-1578944444.0,-4792583332.0,1160.96,,,,,,,,13.0,102.4,,886.3,,,,,24.5,,,5.5,,2.0,,
automatica,01/01/2012,31/10/2024,30/11/2023,Mensal,BRASILIA,Operante,A143,-1578944444.0,-4792583332.0,1160.96,,,,,,,,13.0,128.0,,885.9,,,,,24.3,,,6.4,,2.1,,
automatica,01/01/2012,31/10/2024,31/12/2023,Mensal,BRASILIA,Operante,A144,-1578944444.0,-4792583332.0,1160.96,,,,,,,,16.0,125.8,,886.0,,,,,23.3,,,5.0,,2.0,,
automatica,01/01/2012,31/10/2024,31/01/2024,Mensal,BRASILIA,Operante,A145,-1578944444.0,-4792583332.0,1160.96,,,,,,,,21.0,318.4,,886.2,,,,,22.1,,,5.4,,1.9,,
automatica,01/01/2012,31/10/2024,29/02/2024,Mensal,BRASILIA,Operante,A146,-1578944444.0,-4792583332.0,1160.96,,,,,,,,15.0,106.8,,887.5,,,,,22.2,,,5.5,,2.1,,
automatica,01/01/2012,31/10/2024,31/03/2024,Mensal,BRASILIA,Operante,A147,-1578944444.0,-4792583332.0,1160.96,,,,,,,,18.0,117.4,,887.1,,,,,22.8,,,4.7,,1.7,,
automatica,01/01/2012,31/10/2024,30/04/2024,Mensal,BRASILIA,Operante,A148,-1578944444.0,-4792583332.0,1160.96,,,,,,,,10.0,130.4,,887.4,,,,,22.6,,,4.9,,2.0,,
automatica,01/01/2012,31/10/2024,31/05/2024,Mensal,BRASILIA,Operante,A149,-1578944444.0,-4792583332.0,1160.96,,,,,,,,0.0,0.0,,888.8,,,,,21.3,,,5.4,,2.1,,
automatica,01/01/2012,31/10/2024,30/06/2024,Mensal,BRASILIA,Operante,A150,-1578944444.0,-4792583332.0,1160.96,,,,,,,,0.0,0.0,,890.1,,,,,19.6,,,5.0,,2.1,,
automatica,01/01/2012,31/10/2024,31/07/2024,Mensal,BRASILIA,Operante,A151,-1578944444.0,-4792583332.0,1160.96,,,,,,,,0.0,0.0,,891.0,,,,,19.8,,,5.2,,2.2,,
automatica,01/01/2012,31/10/2024,31/08/2024,Mensal,BRASILIA,Operante,A152,-1578944444.0,-4792583332.0,1160.96,,,,,,,,0.0,0.0,,890.2,,,,,21.3,,,5.5,,2.5,,
automatica,01/01/2012,31/10/2024,30/09/2024,Mensal,BRASILIA,Operante,A153,-1578944444.0,-4792583332.0,1160.96,,,,,,,,0.0,0.0,,888.1,,,,,25.0,,,5.9,,2.6,,
automatica,01/01/2012,31/10/2024,31/10/2024,Mensal,BRASILIA,Operante,A154,-1578944444.0,-4792583332.0,1160.96,,,,,,,,18.0,268.8,,886.6,,,,,23.3,,,7.5,,2.1,,
convencional,01/01/2012,31/10/2024,31/01/2012,Mensal,BOA VISTA,Operante,82024,2.82944443,-60.66194444,84.18,5.0,155.2,169.2,34.0,211.7,5.9,7.0,,,33.6,,,,34.0,28.1,,24.6,69.4,,4.0,,1.7,71.3
convencional,01/01/2012,31/10/2024,29/02/2012,Mensal,BOA VISTA,Operante,82024,2.82944443,-60.66194444,84.18,5.0,151.5,156.7,16.9,179.4,7.3,10.0,,,16.8,,,,33.4,27.8,,24.1,69.4,,4.0,,1.4,66.5
convencional,01/01/2012,31/10/2024,31/03/2012,Mensal,BOA VISTA,Operante,82024,2.82944443,-60.66194444,84.18,5.0,153.1,173.5,46.7,164.4,6.8,7.0,,,46.6,,,,34.1,28.1,,24.5,68.2,,3.5,,1.3,67.4
convencional,01/01/2012,31/10/2024,30/04/2012,Mensal,BOA VISTA,Operante,82024,2.82944443,-60.66194444,84.18,0.0,94.1,152.7,152.7,145.6,7.5,20.0,,,246.9,,,,33.1,27.5,,24.3,80.0,,3.0,,0.7,67.7
convencional,01/01/2012,31/10/2024,31/05/2012,Mensal,BOA VISTA,Operante,82024,2.82944443,-60.66194444,84.18,0.0,82.4,158.6,158.6,179.5,7.1,17.0,,,303.7,,,,32.7,27.4,,23.9,80.8,,3.0,,0.6,68.6
convencional,01/01/2012,31/10/2024,30/06/2012,Mensal,BOA VISTA,Operante,82024,2.82944443,-60.66194444,84.18,0.0,85.5,151.7,87.6,196.9,6.6,14.0,,,105.4,,,,33.2,27.6,,24.2,79.7,,3.0,,0.7,68.2
convencional,01/01/2012,31/10/2024,31/07/2012,Mensal,BOA VISTA,Operante,82024,2.82944443,-60.66194444,84.18,0.0,63.5,143.2,143.2,150.0,7.6,25.0,,,342.8,,,,32.3,26.7,,23.7,84.2,,3.0,,0.3,63.1
convencional,01/01/2012,31/10/2024,31/08/2012,Mensal,BOA VISTA,Operante,82024,2.82944443,-60.66194444,84.18,0.0,74.1,146.9,146.9,179.5,7.4,24.0,,,308.6,,,,33.1,26.9,,23.8,81.9,,3.0,,0.6,67.7
convencional,01/01/2012,31/10/2024,30/09/2012,Mensal,BOA VISTA,Operante,82024,2.82944443,-60.66194444,84.18,5.0,122.2,183.3,130.8,231.5,4.2,8.0,,,59.9,,,,35.5,28.8,,24.6,71.0,,2.5,,1.0,70.6
convencional,01/01/2012,31/10/2024,31/10/2012,Mensal,BOA VISTA,Operante,82024,2.82944443,-60.66194444,84.18,5.0,148.4,213.1,57.9,257.7,4.8,7.0,,,35.6,,,,36.4,29.8,,25.4,68.8,,3.0,,1.1,70.8
convencional,01/01/2012,31/10/2024,30/11/2012,Mensal,BOA VISTA,Operante,82024,2.82944443,-60.66194444,84.18,5.0,163.3,157.0,17.5,247.2,7.0,6.0,,,13.8,,,,36.5,29.8,,25.0,67.4,,2.5,,1.0,66.1
convencional,01/01/2012,31/10/2024,31/12/2012,Mensal,BOA VISTA,Operante,82024,2.82944443,-60.66194444,84.18,5.0,131.9,176.3,47.0,198.9,6.4,7.0,,,46.2,,,,34.2,28.5,,24.7,71.0,,3.0,,1.1,62.5
convencional,01/01/2012,31/10/2024,31/01/2013,Mensal,BOA VISTA,Operante,82024,2.82944443,-60.66194444,84.18,5.0,210.1,189.5,0.3,215.6,5.8,0.0,,,0.0,,,,35.0,29.0,,25.0,62.1,,4.0,,2.0,66.2
convencional,01/01/2012,31/10/2024,28/02/2013,Mensal,BOA VISTA,Operante,82024,2.82944443,-60.66194444,84.18,5.0,133.7,123.0,78.5,114.4,7.4,10.0,,,78.4,,,,34.0,28.0,,24.5,72.0,,3.5,,1.4,65.9
convencional,01/01/2012,31/10/2024,31/03/2013,Mensal,BOA VISTA,Operante,82024,2.82944443,-60.66194444,84.18,5.0,182.0,188.8,13.8,197.8,6.8,4.0,,,13.8,,,,35.1,29.0,,25.2,65.3,,4.5,,1.5,68.1
convencional,01/01/2012,31/10/2024,30/04/2013,Mensal,BOA VISTA,Operante,82024,2.82944443,-60.66194444,84.18,5.0,141.3,178.9,167.8,129.9,7.3,13.0,,,168.6,,,,34.4,28.4,,25.0,72.9,,4.0,,1.2,62.1
convencional,01/01/2012,31/10/2024,31/05/2013,Mensal,BOA VISTA,Operante,82024,2.82944443,-60.66194444,84.18,0.0,68.0,151.7,151.7,136.9,7.7,24.0,,,314.0,,,,32.5,27.2,,24.3,84.1,,4.0,,0.5,63.1
convencional,01/01/2012,31/10/2024,30/06/2013,Mensal,BOA VISTA,Operante,82024,2.82944443,-60.66194444,84.18,0.0,83.5,156.2,156.2,189.1,6.8,14.0,,,216.4,,,,33.4,27.7,,24.4,79.8,,4.0,,0.5,63.0
convencional,01/01/2012,31/10/2024,31/07/2013,Mensal,BOA VISTA,Operante,82024,2.82944443,-60.66194444,84.18,0.0,82.2,147.6,147.6,201.6,6.8,21.0,,,253.7,,,,32.6,27.1,,23.8,80.4,,3.0,,0.4,61.9
convencional,01/01/2012,31/10/2024,31/08/2013,Mensal,BOA VISTA,Operante,82024,2.82944443,-60.66194444,84.18,0.0,70.8,146.9,146.9,177.0,7.3,22.0,,,312.7,,,,32.7,27.0,,23.8,84.6,,2.0,,0.5,61.3
convencional,01/01/2012,31/10/2024,30/09/2013,Mensal,BOA VISTA,Operante,82024,2.82944443,-60.66194444,84.18,0.0,100.5,173.2,137.1,224.2,6.9,13.0,,,74.2,,,,35.0,28.5,,24.5,78.2,,2.0,,0.6,64.2
convencional,01/01/2012,31/10/2024,31/10/2013,Mensal,BOA VISTA,Operante,82024,2.82944443,-60.66194444,84.18,0.0,124.4,196.2,78.3,214.9,6.9,9.0,,,90.1,,,,35.6,29.1,,24.7,69.2,,3.0,,0.9,64.6
convencional,01/01/2012,31/10/2024,30/11/2013,Mensal,BOA VISTA,Operante,82024,2.82944443,-60.66194444,84.18,0.0,115.8,129.4,129.4,202.4,6.8,8.0,,,251.0,,,,35.0,28.7,,24.6,70.6,,3.0,,0.9,64.2
convencional,01/01/2012,31/10/2024,31/12/2013,Mensal,BOA VISTA,Operante,82024,2.82944443,-60.66194444,84.18,5.0,126.6,178.9,139.3,203.4,6.6,7.0,,,77.8,,,,34.1,28.5,,24.9,70.3,,3.0,,1.2,64.8
convencional,01/01/2012,31/10/2024,31/01/2014,Mensal,BOA VISTA,Operante,82024,2.82944443,-60.66194444,84.18,5.0,174.0,176.6,32.8,231.8,4.6,3.0,,,3.8,,,,34.6,28.6,,24.4,65.9,,4.5,,1.9,64.6
convencional,01/01/2012,31/10/2024,28/02/2014,Mensal,BOA VISTA,Operante,82024,2.82944443,-60.66194444,84.18,5.0,164.1,164.9,24.0,158.0,6.5,5.0,,,19.2,,,,34.6,28.6,,24.5,63.6,,4.0,,1.5,63.7
convencional,01/01/2012,31/10/2024,31/03/2014,Mensal,BOA VISTA,Operante,82024,2.82944443,-60.66194444,84.18,5.0,199.2,202.4,23.2,186.2,6.7,6.0,,,22.0,,,,35.3,29.2,,25.2,62.5,,5.0,,1.7,62.3
convencional,01/01/2012,31/10/2024,30/04/2014,Mensal,BOA VISTA,Operante,82024,2.82944443,-60.66194444,84.18,5.0,141.4,173.9,72.5,141.9,7.3,10.0,,,72.3,,,,34.3,28.5,,24.7,71.3,,4.0,,1.1,62.2
convencional,01/01/2012,31/10/2024,31/05/2014,Mensal,BOA VISTA,Operante,82024,2.82944443,-60.66194444,84.18,0.0,137.0,191.2,79.2,194.6,7.2,9.0,,,79.0,,,,34.9,28.9,,25.2,71.8,,4.0,,1.1,62.8
convencional,01/01/2012,31/10/2024,30/06/2014,Mensal,BOA VISTA,Operante,82024,2.82944443,-60.66194444,84.18,0.0,66.8,183.0,36.0,132.0,8.0,24.0,,,357.3,,,,32.4,27.0,,24.2,83.4,,4.0,,0.6,60.1
convencional,01/01/2012,31/10/2024,31/07/2014,Mensal,BOA VISTA,Operante,82024,2.82944443,-60.66194444,84.18,0.0,,156.6,156.6,219.1,6.0,18.0,,,215.6,,,,33.0,27.4,,23.8,85.6,,2.6,,0.6,96.5
convencional,01/01/2012,31/10/2024,31/08/2014,Mensal,BOA VISTA,Operante,82024,2.82944443,-60.66194444,84.18,0.0,,151.3,151.3,172.8,7.3,18.0,,,195.1,,,,33.3,27.3,,24.4,81.8,,2.1,,0.5,97.3
convencional,01/01/2012,31/10/2024,30/09/2014,Mensal,BOA VISTA,Operante,82024,2.82944443,-60.66194444,84.18,5.0,,196.5,105.0,266.5,6.3,6.0,,,22.5,,,,36.2,29.4,,25.0,67.9,,3.1,,1.2,97.6
convencional,01/01/2012,31/10/2024,31/10/2014,Mensal,BOA VISTA,Operante,82024,2.82944443,-60.66194444,84.18,0.0,,185.6,130.1,212.5,7.3,9.0,,,121.8,,,,35.5,28.8,,25.0,73.7,,3.6,,0.9,97.4
convencional,01/01/2012,31/10/2024,30/11/2014,Mensal,BOA VISTA,Operante,82024,2.82944443,-60.66194444,84.18,0.0,,183.6,119.3,205.2,7.0,8.0,,,114.7,,,,35.5,29.0,,25.2,72.0,,3.1,,1.0,97.4
convencional,01/01/2012,31/10/2024,31/12/2014,Mensal,BOA VISTA,Operante,82024,2.82944443,-60.66194444,84.18,5.0,,189.2,34.0,230.7,6.4,6.0,,,30.3,,,,35.0,28.8,,25.0,69.2,,5.1,,1.6,97.4
convencional,01/01/2012,31/10/2024,31/01/2015,Mensal,BOA VISTA,Operante,82024,2.82944443,-60.66194444,84.18,5.0,,179.1,7.7,213.1,5.7,5.0,,,6.9,,,,34.6,28.6,,24.7,64.3,,4.1,,1.9,97.4
convencional,01/01/2012,31/10/2024,28/02/2015,Mensal,BOA VISTA,Operante,82024,2.82944443,-60.66194444,84.18,5.0,,181.8,1.1,175.4,5.8,2.0,,,1.0,,,,36.0,29.5,,25.1,59.4,,4.1,,1.9,97.5
convencional,01/01/2012,31/10/2024,31/03/2015,Mensal,BOA VISTA,Operante,82024,2.82944443,-60.66194444,84.18,5.0,,205.3,7.7,127.1,4.5,2.0,,,7.7,,,,35.2,29.6,,25.4,63.6,,4.6,,1.9,97.3
convencional,01/01/2012,31/10/2024,30/04/2015,Mensal,BOA VISTA,Operante,82024,2.82944443,-60.66194444,84.18,5.0,,205.5,56.1,186.5,5.2,7.0,,,56.1,,,,35.4,29.5,,25.4,66.9,,4.1,,1.8,97.0
convencional,01/01/2012,31/10/2024,31/05/2015,Mensal,BOA VISTA,Operante,82024,2.82944443,-60.66194444,84.18,0.0,,149.5,149.5,133.6,6.0,18.0,,,335.2,,,,32.1,27.3,,24.4,83.4,,3.1,,1.0,97.1
convencional,01/01/2012,31/10/2024,30/06/2015,Mensal,BOA VISTA,Operante,82024,2.82944443,-60.66194444,84.18,0.0,,117.1,117.1,,4.9,20.0,,,248.0,,,,33.3,27.7,,24.4,84.6,,3.1,,0.8,97.4
convencional,01/01/2012,31/10/2024,31/07/2015,Mensal,BOA VISTA,Operante,82024,2.82944443,-60.66194444,84.18,0.0,,156.6,156.6,191.3,5.2,21.0,,,301.5,,,,33.1,27.5,,24.1,85.1,,2.6,,0.6,97.4
convencional,01/01/2012,31/10/2024,31/08/2015,Mensal,BOA VISTA,Operante,82024,2.82944443,-60.66194444,84.18,0.0,,170.1,170.1,207.4,5.4,16.0,,,263.7,,,,34.6,28.4,,24.8,84.6,,2.6,,0.8,97.6
convencional,01/01/2012,31/10/2024,30/09/2015,Mensal,BOA VISTA,Operante,82024,2.82944443,-60.66194444,84.18,5.0,,219.1,102.6,273.1,2.6,4.0,,,15.7,,,,36.6,30.1,,25.5,71.5,,2.6,,1.1,97.8
convencional,01/01/2012,31/10/2024,31/10/2015,Mensal,BOA VISTA,Operante,82024,2.82944443,-60.66194444,84.18,5.0,,243.6,55.7,254.2,3.7,5.0,,,44.4,,,,37.8,30.7,,26.0,68.2,,3.1,,1.3,98.0
convencional,01/01/2012,31/10/2024,30/11/2015,Mensal,BOA VISTA,Operante,82024,2.82944443,-60.66194444,84.18,5.0,,216.5,20.5,220.0,3.8,7.0,,,19.0,,,,36.6,30.3,,26.0,70.9,,10.3,,1.9,97.9
convencional,01/01/2012,31/10/2024,31/12/2015,Mensal,BOA VISTA,Operante,82024,2.82944443,-60.66194444,84.18,5.0,,176.4,13.7,180.3,3.0,7.0,,,13.5,,,,32.8,28.4,,25.0,72.0,,8.7,,3.7,97.8
convencional,01/01/2012,31/10/2024,31/01/2016,Mensal,BOA VISTA,Operante,82024,2.82944443,-60.66194444,84.18,5.0,,164.3,0.0,204.9,2.1,,,,0.0,,,,,,,25.2,63.1,,9.8,,4.3,97.5
convencional,01/01/2012,31/10/2024,29/02/2016,Mensal,BOA VISTA,Operante,82024,2.82944443,-60.66194444,84.18,5.0,,152.3,28.5,171.7,4.5,8.0,,,28.5,,,,,,,25.5,70.7,,9.3,,2.8,97.7
convencional,01/01/2012,31/10/2024,31/03/2016,Mensal,BOA VISTA,Operante,82024,2.82944443,-60.66194444,84.18,5.0,,197.0,0.4,183.4,3.6,1.0,,,0.4,,,,,,,26.4,65.0,,8.7,,3.0,97.3
convencional,01/01/2012,31/10/2024,30/04/2016,Mensal,BOA VISTA,Operante,82024,2.82944443,-60.66194444,84.18,,,,,,,5.0,,,,,,,,,,,,,,,,
convencional,01/01/2012,31/10/2024,31/05/2016,Mensal,BOA VISTA,Operante,82024,2.82944443,-60.66194444,84.18,0.0,,168.2,168.2,113.9,6.6,19.0,,,350.4,,,,33.2,28.0,,24.9,84.3,,2.6,,0.7,97.8
convencional,01/01/2012,31/10/2024,30/06/2016,Mensal,BOA VISTA,Operante,82024,2.82944443,-60.66194444,84.18,0.0,,140.8,140.8,152.8,7.2,24.0,,,352.8,,,,32.8,27.1,,24.0,86.8,,3.1,,0.5,97.6
convencional,01/01/2012,31/10/2024,31/07/2016,Mensal,BOA VISTA,Operante,82024,2.82944443,-60.66194444,84.18,0.0,,149.8,149.8,172.6,6.1,22.0,,,322.8,,,,32.9,27.2,,24.2,86.4,,2.6,,0.5,97.6
convencional,01/01/2012,31/10/2024,31/08/2016,Mensal,BOA VISTA,Operante,82024,2.82944443,-60.66194444,84.18,0.0,,,,226.6,4.1,15.0,,,106.7,,,,34.5,28.3,,24.4,81.3,,5.1,,0.7,98.0
convencional,01/01/2012,31/10/2024,30/09/2016,Mensal,BOA VISTA,Operante,82024,2.82944443,-60.66194444,84.18,0.0,,193.8,182.8,236.9,3.9,9.0,,,143.0,,,,35.8,29.3,,24.7,75.7,,3.6,,0.8,97.9
convencional,01/01/2012,31/10/2024,31/10/2016,Mensal,BOA VISTA,Operante,82024,2.82944443,-60.66194444,84.18,5.0,,201.7,121.5,241.3,3.4,6.0,,,78.9,,,,36.5,30.0,,25.3,71.5,,4.6,,1.3,98.2
convencional,01/01/2012,31/10/2024,30/11/2016,Mensal,BOA VISTA,Operante,82024,2.82944443,-60.66194444,84.18,0.0,,205.0,61.9,183.8,4.5,5.0,,,47.9,,,,35.8,29.8,,25.4,76.3,,4.6,,1.0,98.1
convencional,01/01/2012,31/10/2024,31/12/2016,Mensal,BOA VISTA,Operante,82024,2.82944443,-60.66194444,84.18,5.0,,205.6,112.6,177.8,4.2,7.0,,,110.3,,,,35.2,29.3,,25.3,80.4,,7.2,,1.7,98.3
convencional,01/01/2012,31/10/2024,31/01/2017,Mensal,BOA VISTA,Operante,82024,2.82944443,-60.66194444,84.18,5.0,125.8,171.6,21.3,180.8,4.1,5.0,,,20.2,,,,33.9,28.2,,24.3,75.1,,5.4,,1.6,70.2
convencional,01/01/2012,31/10/2024,28/02/2017,Mensal,BOA VISTA,Operante,82024,2.82944443,-60.66194444,84.18,,,,,,,1.0,,,,,,,,,,,,,,,,
convencional,01/01/2012,31/10/2024,31/03/2017,Mensal,BOA VISTA,Operante,82024,2.82944443,-60.66194444,84.18,5.0,,178.5,139.0,139.9,5.4,8.0,,,119.4,,,,33.8,28.1,,24.5,79.0,,5.1,,1.2,97.8
convencional,01/01/2012,31/10/2024,30/04/2017,Mensal,BOA VISTA,Operante,82024,2.82944443,-60.66194444,84.18,5.0,,181.4,138.1,162.7,4.9,11.0,,,129.0,,,,34.7,28.8,,24.9,76.7,,4.6,,1.4,97.7
convencional,01/01/2012,31/10/2024,31/05/2017,Mensal,BOA VISTA,Operante,82024,2.82944443,-60.66194444,84.18,0.0,,163.3,163.3,158.2,6.0,18.0,,,361.2,,,,33.4,27.8,,24.6,83.6,,4.1,,0.8,97.9
convencional,01/01/2012,31/10/2024,30/06/2017,Mensal,BOA VISTA,Operante,82024,2.82944443,-60.66194444,84.18,0.0,,153.9,153.9,119.4,6.2,21.0,,,243.5,,,,33.0,27.6,,24.5,85.6,,2.1,,0.5,97.8
convencional,01/01/2012,31/10/2024,31/07/2017,Mensal,BOA VISTA,Operante,82024,2.82944443,-60.66194444,84.18,0.0,,143.2,143.2,134.4,6.3,27.0,,,330.6,,,,32.5,26.9,,23.7,88.0,,1.0,,0.3,97.3
convencional,01/01/2012,31/10/2024,31/08/2017,Mensal,BOA VISTA,Operante,82024,2.82944443,-60.66194444,84.18,0.0,,207.2,150.5,250.2,3.6,10.0,,,78.0,,,,35.8,29.3,,24.9,76.1,,2.6,,0.9,97.8
convencional,01/01/2012,31/10/2024,30/09/2017,Mensal,BOA VISTA,Operante,82024,2.82944443,-60.66194444,84.18,0.0,,188.5,120.3,183.0,5.0,4.0,,,104.7,,,,35.5,28.9,,24.9,77.4,,3.1,,0.9,97.8
convencional,01/01/2012,31/10/2024,31/10/2017,Mensal,BOA VISTA,Operante,82024,2.82944443,-60.66194444,84.18,5.0,,216.0,16.0,223.5,3.4,,,,5.6,,,,36.6,29.8,,25.5,72.9,,5.7,,1.6,97.6
convencional,01/01/2012,31/10/2024,30/11/2017,Mensal,BOA VISTA,Operante,82024,2.82944443,-60.66194444,84.18,5.0,,216.5,2.4,218.7,3.3,,,,1.1,,,,37.3,30.2,,25.5,68.5,,6.2,,2.0,97.8
convencional,01/01/2012,31/10/2024,31/12/2017,Mensal,BOA VISTA,Operante,82024,2.82944443,-60.66194444,84.18,5.0,,,,,3.6,,,,,,,,35.7,29.2,,25.1,70.7,,6.2,,2.2,97.4
convencional,01/01/2012,31/10/2024,31/01/2018,Mensal,BOA VISTA,Operante,82024,2.82944443,-60.66194444,84.18,,,,,,,,,,,,,,,,,,,,,,,
convencional,01/01/2012,31/10/2024,28/02/2018,Mensal,BOA VISTA,Operante,82024,2.82944443,-60.66194444,84.18,,,,,,,,,,,,,,,,,,,,,,,
convencional,01/01/2012,31/10/2024,31/03/2018,Mensal,BOA VISTA,Operante,82024,2.82944443,-60.66194444,84.18,27.0,,216.8,40.0,191.9,5.7,,,,31.6,,,,37.1,30.0,,25.3,72.6,,5.1,,2.3,95.5
convencional,01/01/2012,31/10/2024,30/04/2018,Mensal,BOA VISTA,Operante,82024,2.82944443,-60.66194444,84.18,9.0,,164.2,161.6,130.8,6.3,,,,161.6,,,,35.9,28.9,,25.1,71.2,,5.1,,1.8,95.4
convencional,01/01/2012,31/10/2024,31/05/2018,Mensal,BOA VISTA,Operante,82024,2.82944443,-60.66194444,84.18,9.0,,151.7,151.7,133.9,7.2,,,,343.3,,,,33.6,27.3,,24.0,82.7,,4.1,,1.2,95.4
convencional,01/01/2012,31/10/2024,30/06/2018,Mensal,BOA VISTA,Operante,82024,2.82944443,-60.66194444,84.18,0.0,,138.7,138.7,117.7,7.0,,,,375.6,,,,32.8,26.8,,23.7,84.5,,3.1,,0.9,95.2
convencional,01/01/2012,31/10/2024,31/07/2018,Mensal,BOA VISTA,Operante,82024,2.82944443,-60.66194444,84.18,0.0,,136.8,136.8,114.6,6.8,,,,413.4,,,,32.6,26.5,,23.4,85.7,,4.6,,1.0,95.3
convencional,01/01/2012,31/10/2024,31/08/2018,Mensal,BOA VISTA,Operante,82024,2.82944443,-60.66194444,84.18,9.0,,177.6,158.3,233.5,5.4,,,,108.4,,,,35.8,28.5,,24.2,73.9,,4.1,,1.2,95.9
convencional,01/01/2012,31/10/2024,30/09/2018,Mensal,BOA VISTA,Operante,82024,2.82944443,-60.66194444,84.18,9.0,,183.3,183.3,220.4,5.6,,,,278.9,,,,36.4,28.9,,24.5,75.0,,5.1,,1.2,95.9
convencional,01/01/2012,31/10/2024,31/10/2018,Mensal,BOA VISTA,Operante,82024,2.82944443,-60.66194444,84.18,9.0,,234.1,121.9,267.4,5.0,,,,35.4,,,,37.9,30.2,,25.1,63.8,,3.1,,1.5,95.9
convencional,01/01/2012,31/10/2024,30/11/2018,Mensal,BOA VISTA,Operante,82024,2.82944443,-60.66194444,84.18,5.0,,191.5,52.3,188.8,6.3,,,,41.6,,,,36.8,29.6,,25.4,68.3,,4.1,,1.6,95.7
convencional,01/01/2012,31/10/2024,31/12/2018,Mensal,BOA VISTA,Operante,82024,2.82944443,-60.66194444,84.18,5.0,,171.4,8.5,151.9,5.4,,,,6.0,,,,35.0,28.1,,24.2,66.4,,4.1,,2.2,95.9
convencional,01/01/2012,31/10/2024,31/01/2019,Mensal,BOA VISTA,Operante,82024,2.82944443,-60.66194444,84.18,5.0,190.4,186.8,9.1,192.7,5.8,,,,8.6,,,,36.1,28.8,,24.3,63.7,,5.0,,2.1,39.6
convencional,01/01/2012,31/10/2024,28/02/2019,Mensal,BOA VISTA,Operante,82024,2.82944443,-60.66194444,84.18,5.0,197.2,181.8,0.3,207.7,5.3,,,,0.2,,,,36.4,29.3,,24.7,59.6,,5.0,,2.4,41.4
convencional,01/01/2012,31/10/2024,31/03/2019,Mensal,BOA VISTA,Operante,82024,2.82944443,-60.66194444,84.18,5.0,253.9,238.1,4.2,240.2,4.6,,,,4.2,,,,38.2,30.5,,25.7,54.7,,5.0,,2.2,42.9
convencional,01/01/2012,31/10/2024,30/04/2019,Mensal,BOA VISTA,Operante,82024,2.82944443,-60.66194444,84.18,5.0,222.2,232.0,6.6,194.7,6.1,,,,6.6,,,,36.9,30.5,,26.1,57.5,,4.0,,1.9,39.1
convencional,01/01/2012,31/10/2024,31/05/2019,Mensal,BOA VISTA,Operante,82024,2.82944443,-60.66194444,84.18,0.0,72.0,149.5,149.5,88.1,7.5,,,,416.5,,,,32.2,27.1,,24.5,83.9,,4.0,,1.1,27.8
convencional,01/01/2012,31/10/2024,30/06/2019,Mensal,BOA VISTA,Operante,82024,2.82944443,-60.66194444,84.18,0.0,63.9,147.3,147.3,145.5,6.6,,,,437.0,,,,32.5,27.2,,24.0,83.6,,3.0,,0.8,30.2
convencional,01/01/2012,31/10/2024,31/07/2019,Mensal,BOA VISTA,Operante,82024,2.82944443,-60.66194444,84.18,0.0,70.9,154.3,154.3,175.9,7.3,,,,392.4,,,,32.8,27.5,,23.8,81.3,,4.0,,1.0,29.5
convencional,01/01/2012,31/10/2024,31/08/2019,Mensal,BOA VISTA,Operante,82024,2.82944443,-60.66194444,84.18,0.0,72.7,162.9,162.9,175.0,7.1,20.0,,,392.3,,,,33.0,27.8,,23.7,79.7,,3.0,,1.0,30.9
convencional,01/01/2012,31/10/2024,30/09/2019,Mensal,BOA VISTA,Operante,82024,2.82944443,-60.66194444,84.18,9.0,95.5,183.3,170.6,,6.8,,,,128.3,,,,34.6,28.8,,24.0,73.8,,5.0,,1.3,35.6
convencional,01/01/2012,31/10/2024,31/10/2019,Mensal,BOA VISTA,Operante,82024,2.82944443,-60.66194444,84.18,9.0,123.7,199.0,101.5,,6.1,,,,57.9,,,,35.6,29.3,,24.7,70.1,,4.0,,1.5,37.7
convencional,01/01/2012,31/10/2024,30/11/2019,Mensal,BOA VISTA,Operante,82024,2.82944443,-60.66194444,84.18,9.0,113.4,183.6,183.6,,7.1,11.0,,,214.6,,,,34.8,29.0,,24.7,71.6,,5.0,,1.5,35.6
convencional,01/01/2012,31/10/2024,31/12/2019,Mensal,BOA VISTA,Operante,82024,2.82944443,-60.66194444,84.18,9.0,108.0,173.8,70.8,,6.6,,,,37.2,,,,34.2,28.4,,24.7,74.0,,4.0,,1.6,35.6
convencional,01/01/2012,31/10/2024,31/01/2020,Mensal,BOA VISTA,Operante,82024,2.82944443,-60.66194444,84.18,5.0,169.4,,,,5.1,2.0,,,5.2,,,,35.3,28.6,,24.4,66.4,,4.0,,1.7,39.4
convencional,01/01/2012,31/10/2024,29/02/2020,Mensal,BOA VISTA,Operante,82024,2.82944443,-60.66194444,84.18,5.0,187.5,,,,5.4,1.0,,,3.4,,,,35.5,29.0,,24.7,60.7,,5.0,,2.1,38.9
convencional,01/01/2012,31/10/2024,31/03/2020,Mensal,BOA VISTA,Operante,82024,2.82944443,-60.66194444,84.18,5.0,225.3,,,,4.9,1.0,,,2.4,,,,36.6,29.9,,25.5,60.3,,5.0,,1.9,39.2
convencional,01/01/2012,31/10/2024,30/04/2020,Mensal,BOA VISTA,Operante,82024,2.82944443,-60.66194444,84.18,5.0,147.6,,,,7.1,6.0,,,154.6,,,,35.5,29.3,,25.3,69.6,,4.0,,1.5,36.4
convencional,01/01/2012,31/10/2024,31/05/2020,Mensal,BOA VISTA,Operante,82024,2.82944443,-60.66194444,84.18,0.0,80.5,,,,7.7,22.0,,,298.7,,,,33.1,27.8,,24.5,81.5,,4.0,,1.0,31.1
convencional,01/01/2012,31/10/2024,30/06/2020,Mensal,BOA VISTA,Operante,82024,2.82944443,-60.66194444,84.18,0.0,61.1,,,,7.6,25.0,,,351.4,,,,32.2,27.0,,23.6,83.2,,2.0,,0.8,29.6
convencional,01/01/2012,31/10/2024,31/07/2020,Mensal,BOA VISTA,Operante,82024,2.82944443,-60.66194444,84.18,0.0,67.5,,,,6.5,24.0,,,356.5,,,,33.0,27.3,,24.0,81.5,,2.0,,0.7,32.7
convencional,01/01/2012,31/10/2024,31/08/2020,Mensal,BOA VISTA,Operante,82024,2.82944443,-60.66194444,84.18,0.0,81.9,,,,7.3,24.0,,,220.8,,,,33.7,27.8,,24.5,78.7,,4.0,,1.0,33.1
convencional,01/01/2012,31/10/2024,30/09/2020,Mensal,BOA VISTA,Operante,82024,2.82944443,-60.66194444,84.18,9.0,114.5,,,,5.6,6.0,,,48.7,,,,35.7,29.2,,25.0,69.5,,3.0,,1.1,40.3
convencional,01/01/2012,31/10/2024,31/10/2020,Mensal,BOA VISTA,Operante,82024,2.82944443,-60.66194444,84.18,9.0,143.7,,,,5.4,7.0,,,84.3,,,,36.4,29.6,,25.2,67.5,,4.0,,1.3,40.1
convencional,01/01/2012,31/10/2024,30/11/2020,Mensal,BOA VISTA,Operante,82024,2.82944443,-60.66194444,84.18,9.0,97.2,,,,7.5,13.0,,,181.3,,,,34.9,28.4,,24.8,75.2,,4.0,,1.1,38.3
convencional,01/01/2012,31/10/2024,31/12/2020,Mensal,BOA VISTA,Operante,82024,2.82944443,-60.66194444,84.18,5.0,107.2,,,,6.7,9.0,,,42.4,,,,33.8,28.2,,24.7,74.0,,3.0,,1.2,37.4
convencional,01/01/2012,31/10/2024,31/01/2021,Mensal,BOA VISTA,Operante,82024,2.82944443,-60.66194444,84.18,5.0,115.4,,,,7.3,10.0,,,115.8,,,,33.8,27.6,,23.9,73.2,,4.0,,1.4,34.5
convencional,01/01/2012,31/10/2024,28/02/2021,Mensal,BOA VISTA,Operante,82024,2.82944443,-60.66194444,84.18,5.0,136.0,,,,6.3,3.0,,,24.8,,,,34.4,28.2,,24.4,67.6,,4.0,,1.8,35.8
convencional,01/01/2012,31/10/2024,31/03/2021,Mensal,BOA VISTA,Operante,82024,2.82944443,-60.66194444,84.18,5.0,132.9,,,,7.5,14.0,,,133.3,,,,34.9,28.2,,24.2,70.8,,3.0,,1.4,36.9
convencional,01/01/2012,31/10/2024,30/04/2021,Mensal,BOA VISTA,Operante,82024,2.82944443,-60.66194444,84.18,9.0,94.8,,,,7.3,21.0,,,451.2,,,,33.3,27.6,,24.1,78.0,,4.0,,1.2,33.5
convencional,01/01/2012,31/10/2024,31/05/2021,Mensal,BOA VISTA,Operante,82024,2.82944443,-60.66194444,84.18,0.0,59.6,,,,8.1,28.0,,,299.6,,,,32.5,27.1,,23.9,83.5,,3.0,,1.1,33.2
convencional,01/01/2012,31/10/2024,30/06/2021,Mensal,BOA VISTA,Operante,82024,2.82944443,-60.66194444,84.18,0.0,63.7,,,,7.1,20.0,,,291.2,,,,33.4,27.5,,23.9,80.0,,3.0,,0.9,36.9
convencional,01/01/2012,31/10/2024,31/07/2021,Mensal,BOA VISTA,Operante,82024,2.82944443,-60.66194444,84.18,0.0,58.7,,,,7.5,28.0,,,356.7,,,,33.1,27.0,,23.4,82.5,,4.0,,1.1,35.1
convencional,01/01/2012,31/10/2024,31/08/2021,Mensal,BOA VISTA,Operante,82024,2.82944443,-60.66194444,84.18,9.0,68.7,,,,7.3,18.0,,,199.6,,,,33.6,27.7,,23.9,78.8,,3.0,,1.0,37.3
convencional,01/01/2012,31/10/2024,30/09/2021,Mensal,BOA VISTA,Operante,82024,2.82944443,-60.66194444,84.18,9.0,103.3,,,,5.5,9.0,,,68.6,,,,36.1,29.1,,24.6,70.7,,3.0,,1.2,40.1
convencional,01/01/2012,31/10/2024,31/10/2021,Mensal,BOA VISTA,Operante,82024,2.82944443,-60.66194444,84.18,9.0,114.8,,,,6.7,8.0,,,99.0,,,,36.6,29.6,,24.9,69.9,,3.0,,1.3,38.8
convencional,01/01/2012,31/10/2024,30/11/2021,Mensal,BOA VISTA,Operante,82024,2.82944443,-60.66194444,84.18,5.0,123.3,,,,6.2,6.0,,,28.7,,,,36.0,29.3,,25.1,69.4,,3.0,,1.5,39.9
convencional,01/01/2012,31/10/2024,31/12/2021,Mensal,BOA VISTA,Operante,82024,2.82944443,-60.66194444,84.18,5.0,101.6,,,,7.2,10.0,,,64.7,,,,34.9,28.3,,24.8,74.7,,4.0,,1.5,38.6
convencional,01/01/2012,31/10/2024,31/01/2022,Mensal,BOA VISTA,Operante,82024,2.82944443,-60.66194444,84.18,5.0,157.7,,,,5.4,3.0,,,3.2,,,,36.1,28.7,,24.1,64.7,,4.0,,1.9,41.2
convencional,01/01/2012,31/10/2024,28/02/2022,Mensal,BOA VISTA,Operante,82024,2.82944443,-60.66194444,84.18,5.0,143.0,,,,7.4,8.0,,,52.4,,,,37.5,29.0,,24.8,67.6,,4.0,,1.7,37.1
convencional,01/01/2012,31/10/2024,31/03/2022,Mensal,BOA VISTA,Operante,82024,2.82944443,-60.66194444,84.18,5.0,115.3,,,,8.1,11.0,,,177.8,,,,34.4,28.2,,24.2,71.9,,3.0,,1.4,33.0
convencional,01/01/2012,31/10/2024,30/04/2022,Mensal,BOA VISTA,Operante,82024,2.82944443,-60.66194444,84.18,9.0,112.9,,,,7.7,16.0,,,167.7,,,,34.7,28.2,,24.1,73.3,,3.0,,1.2,33.3
convencional,01/01/2012,31/10/2024,31/05/2022,Mensal,BOA VISTA,Operante,82024,2.82944443,-60.66194444,84.18,18.0,66.1,,,,7.9,18.0,,,449.6,,,,32.5,26.9,,23.4,86.4,,2.0,,0.9,27.7
convencional,01/01/2012,31/10/2024,30/06/2022,Mensal,BOA VISTA,Operante,82024,2.82944443,-60.66194444,84.18,9.0,56.7,,,,7.3,26.0,,,348.2,,,,33.3,27.1,,23.2,81.9,,2.0,,1.0,31.8
convencional,01/01/2012,31/10/2024,31/07/2022,Mensal,BOA VISTA,Operante,82024,2.82944443,-60.66194444,84.18,9.0,66.6,,,,6.6,19.0,,,313.7,,,,33.4,27.2,,23.5,83.3,,3.0,,1.0,31.6
convencional,01/01/2012,31/10/2024,31/08/2022,Mensal,BOA VISTA,Operante,82024,2.82944443,-60.66194444,84.18,9.0,,,,,5.8,18.0,,,233.2,,,,34.6,28.0,,23.8,76.5,,4.0,,1.2,36.1
convencional,01/01/2012,31/10/2024,30/09/2022,Mensal,BOA VISTA,Operante,82024,2.82944443,-60.66194444,84.18,9.0,102.6,,,,6.2,13.0,,,126.9,,,,35.7,28.5,,23.9,74.5,,4.0,,1.2,38.7
convencional,01/01/2012,31/10/2024,31/10/2022,Mensal,BOA VISTA,Operante,82024,2.82944443,-60.66194444,84.18,9.0,,,,,6.0,8.0,,,128.8,,,,37.1,29.1,,24.2,72.7,,2.0,,1.1,40.1
convencional,01/01/2012,31/10/2024,30/11/2022,Mensal,BOA VISTA,Operante,82024,2.82944443,-60.66194444,84.18,5.0,,,,,6.8,12.0,,,268.5,,,,34.7,28.2,,23.9,74.8,,3.0,,1.3,37.2
convencional,01/01/2012,31/10/2024,31/12/2022,Mensal,BOA VISTA,Operante,82024,2.82944443,-60.66194444,84.18,5.0,,,,,5.5,7.0,,,74.2,,,,34.1,27.7,,23.7,75.1,,3.1,,1.5,94.9
convencional,01/01/2012,31/10/2024,31/01/2023,Mensal,BOA VISTA,Operante,82024,2.82944443,-60.66194444,84.18,5.0,,,,,5.6,5.0,,,90.3,,,,34.7,27.6,,23.5,77.6,,4.1,,1.4,94.4
convencional,01/01/2012,31/10/2024,28/02/2023,Mensal,BOA VISTA,Operante,82024,2.82944443,-60.66194444,84.18,9.0,,,,,7.0,2.0,,,36.2,,,,34.7,27.9,,23.3,71.2,,3.1,,1.2,94.2
convencional,01/01/2012,31/10/2024,31/03/2023,Mensal,BOA VISTA,Operante,82024,2.82944443,-60.66194444,84.18,9.0,,,,,5.7,1.0,,,0.2,,,,36.0,28.9,,23.3,64.4,,4.1,,1.2,95.7
convencional,01/01/2012,31/10/2024,30/04/2023,Mensal,BOA VISTA,Operante,82024,2.82944443,-60.66194444,84.18,5.0,,,,,5.8,12.0,,,265.0,,,,36.0,28.8,,24.3,69.2,,3.1,,1.5,95.5
convencional,01/01/2012,31/10/2024,31/05/2023,Mensal,BOA VISTA,Operante,82024,2.82944443,-60.66194444,84.18,5.0,,,,,7.1,20.0,,,355.4,,,,34.4,28.0,,24.5,80.7,,3.1,,1.4,95.3
convencional,01/01/2012,31/10/2024,30/06/2023,Mensal,BOA VISTA,Operante,82024,2.82944443,-60.66194444,84.18,0.0,,,,,6.9,23.0,,,344.5,,,,34.0,27.5,,24.2,84.1,,3.1,,1.2,95.4
convencional,01/01/2012,31/10/2024,31/07/2023,Mensal,BOA VISTA,Operante,82024,2.82944443,-60.66194444,84.18,18.0,,,,,6.3,20.0,,,388.8,,,,35.2,28.0,,23.9,83.5,,3.1,,1.1,95.3
convencional,01/01/2012,31/10/2024,31/08/2023,Mensal,BOA VISTA,Operante,82024,2.82944443,-60.66194444,84.18,5.0,,,,,4.2,7.0,,,21.2,,,,37.2,29.7,,25.0,70.8,,3.1,,1.3,95.9
convencional,01/01/2012,31/10/2024,30/09/2023,Mensal,BOA VISTA,Operante,82024,2.82944443,-60.66194444,84.18,5.0,,,,,4.1,4.0,,,9.0,,,,39.0,31.0,,25.4,62.9,,3.1,,1.4,95.8
convencional,01/01/2012,31/10/2024,31/10/2023,Mensal,BOA VISTA,Operante,82024,2.82944443,-60.66194444,84.18,5.0,,,,,4.5,7.0,,,53.4,,,,39.3,31.0,,25.6,63.5,,4.1,,1.4,95.8
convencional,01/01/2012,31/10/2024,30/11/2023,Mensal,BOA VISTA,Operante,82024,2.82944443,-60.66194444,84.18,5.0,,,,,4.5,1.0,,,0.4,,,,38.8,31.0,,26.2,59.7,,3.1,,1.3,95.8
convencional,01/01/2012,31/10/2024,31/12/2023,Mensal,BOA VISTA,Operante,82024,2.82944443,-60.66194444,84.18,5.0,,,,,4.8,4.0,,,16.4,,,,38.8,30.1,,24.3,60.7,,2.6,,0.9,96.0
convencional,01/01/2012,31/10/2024,31/01/2024,Mensal,BOA VISTA,Operante,82024,2.82944443,-60.66194444,84.18,5.0,,,,,5.3,3.0,,,1.6,,,,38.8,30.3,,24.9,59.5,,3.1,,1.4,95.8
convencional,01/01/2012,31/10/2024,29/02/2024,Mensal,BOA VISTA,Operante,82024,2.82944443,-60.66194444,84.18,,,,,,4.2,3.0,,,7.0,,,,39.2,31.2,,25.9,55.9,,,,,95.8
convencional,01/01/2012,31/10/2024,31/03/2024,Mensal,BOA VISTA,Operante,82024,2.82944443,-60.66194444,84.18,,,,,,5.2,2.0,,,15.0,,,,39.5,31.9,,26.7,55.8,,,,,95.5
convencional,01/01/2012,31/10/2024,30/04/2024,Mensal,BOA VISTA,Operante,82024,2.82944443,-60.66194444,84.18,,,,,,6.3,11.0,,,167.8,,,,38.0,30.5,,26.1,65.8,,,,,95.3
convencional,01/01/2012,31/10/2024,31/05/2024,Mensal,BOA VISTA,Operante,82024,2.82944443,-60.66194444,84.18,,,,,,7.6,19.0,,,465.2,,,,36.4,28.1,,23.4,85.7,,,,,95.1
convencional,01/01/2012,31/10/2024,30/06/2024,Mensal,BOA VISTA,Operante,82024,2.82944443,-60.66194444,84.18,,,,,,7.5,24.0,,,481.4,,,,35.8,27.9,,23.3,83.8,,,,,90.5
convencional,01/01/2012,31/10/2024,31/07/2024,Mensal,BOA VISTA,Operante,82024,2.82944443,-60.66194444,84.18,,,,,,7.0,21.0,,,358.0,,,,34.1,27.4,,24.1,85.3,,,,,95.4
convencional,01/01/2012,31/10/2024,31/08/2024,Mensal,BOA VISTA,Operante,82024,2.82944443,-60.66194444,84.18,,,,,,5.5,14.0,,,152.1,,,,36.0,28.8,,24.6,77.3,,,,,95.6
convencional,01/01/2012,31/10/2024,30/09/2024,Mensal,BOA VISTA,Operante,82024,2.82944443,-60.66194444,84.18,,,,,,4.9,8.0,,,134.6,,,,38.9,30.6,,25.5,70.8,,,,,95.8
convencional,01/01/2012,31/10/2024,31/10/2024,Mensal,BOA VISTA,Operante,82024,2.82944443,-60.66194444,84.18,,,,,,4.5,6.0,,,25.8,,,,39.5,30.8,,25.5,67.4,,,,,95.7
